Source,Title,Link,PubDate,Scraped
Kenyans.co.ke,Babu Owino Links Sakaja to Nairobi Goons,https://www.kenyans.co.ke/news/113226-babu-owino-accuses-sakaja-sponsoring-goons-behind-nairobi-chaos,2025-06-18T09:35:46+0300,2025-06-18T06:51:02Z
Kenyans.co.ke,"Police Did Not Steal Laptops, They Recovered Them - Passaris",https://www.kenyans.co.ke/news/113225-passaris-police-seen-laptops-during-cbd-protests-had-recovered-them,2025-06-18T09:00:40+0300,2025-06-18T06:51:02Z
Kenyans.co.ke,Raila Jr Cautions Govt Over Rise of Goons,https://www.kenyans.co.ke/news/113223-raila-jr-warns-haiti-style-chaos-after-goons-spotted-nairobi-protests,2025-06-18T08:40:56+0300,2025-06-18T06:51:02Z
Kenyans.co.ke,Health DG Amoth Gives Update on Status of City Hawker Shot by Police,https://www.kenyans.co.ke/news/113224-city-hawker-shot-police-undergoes-surgery-icu-health-dg-amoth,2025-06-18T08:15:28+0300,2025-06-18T06:51:02Z
Kenyans.co.ke,Terror Suspect Carrying Explosives Arrested in Nairobi CBD,https://www.kenyans.co.ke/news/113222-terror-suspect-nabbed-explosives-nairobi-cbd,2025-06-18T07:45:19+0300,2025-06-18T06:51:02Z
Kenyans.co.ke,"Preacher Gilbert Deya Dead, 30 University Students Injured in Road Crash",https://www.kenyans.co.ke/news/113221-preacher-gilbert-deya-dead-30-others-injured-road-crash-along-kisumu-bondo-highway,2025-06-18T07:15:33+0300,2025-06-18T06:51:02Z
Kenyans.co.ke,I Warned You: Gachagua to Protesters,https://www.kenyans.co.ke/news/113220-i-warned-you-gachagua-protesters-after-police-shooting,2025-06-17T19:33:16+0300,2025-06-18T06:51:02Z
Kenyans.co.ke,Officer Who Shot Mask Hawker During Protests Arrested,https://www.kenyans.co.ke/news/113218-police-officer-who-shot-mask-hawker-during-protests-nairobi-cbd-arrested,2025-06-17T19:24:32+0300,2025-06-18T06:51:02Z
Kenyans.co.ke,"Ichung'wah Defends Police, Asks Kenyans to Respect Officers",https://www.kenyans.co.ke/news/113217-mp-asks-kenyans-respect-police-moments-after-cop-shoots-mask-vendor,2025-06-17T18:52:00+0300,2025-06-18T06:51:02Z
Kenyans.co.ke,Mutua Slams Gachagua Over His Cousins Narrative,https://www.kenyans.co.ke/news/113216-labour-cs-alfred-mutua-slams-gachagua-over-his-cousins-narrative-terms-it-disrespectful,2025-06-17T18:14:52+0300,2025-06-18T06:51:02Z
Kenyans.co.ke,School Bus Involved in Accident After Driver Falls Sick,https://www.kenyans.co.ke/news/113215-school-bus-veers-ditch-kasarani,2025-06-17T17:47:29+0300,2025-06-18T06:51:02Z
Kenyans.co.ke, Panic as Kenyans Reportedly Trapped in the Indian Ocean,https://www.kenyans.co.ke/news/113213-red-cross-leads-emergency-rescue-after-boat-gets-stuck-dangerous-lamu-waters,2025-06-17T17:29:30+0300,2025-06-18T06:51:02Z
Kenyans.co.ke,Passengers Left Stranded After Matatu Operators Suspend Services,https://www.kenyans.co.ke/news/113211-passengers-left-stranded-kirinyaga-after-matatu-operators-suspend-services,2025-06-17T16:33:07+0300,2025-06-18T06:51:02Z
Kenyans.co.ke,Police Accused of Backing Goons in Protest,https://www.kenyans.co.ke/news/113209-kalonzo-points-accusing-finger-ruto-govt-over-cbd-goons,2025-06-17T16:05:37+0300,2025-06-18T06:51:02Z
Kenyans.co.ke,Vendor Shot by Police in Nairobi CBD,https://www.kenyans.co.ke/news/113210-police-shoot-protester-dead-nairobi-cbd,2025-06-17T15:47:26+0300,2025-06-18T06:51:02Z
Kenyans.co.ke,"1,000 Top CEOs Present Bold Recommendations to Ruto",https://www.kenyans.co.ke/news/113208-cbk-survey-ceos-call-urgent-reforms-political-stability-revive-kenyas-economy,2025-06-17T15:26:45+0300,2025-06-18T06:51:02Z
Kenyans.co.ke,Kenya Tops Africa in Digital Fraud Cases,https://www.kenyans.co.ke/news/113207-kenya-leads-africa-digital-fraud-incidents-new-data-shows,2025-06-17T15:16:29+0300,2025-06-18T06:51:02Z
Kenyans.co.ke,KEMSA Announces Suspension of Services ,https://www.kenyans.co.ke/news/113206-kemsa-announces-temporary-closure-nairobi-distribution-centres,2025-06-17T14:49:21+0300,2025-06-18T06:51:02Z
Kenyans.co.ke,Why Kenyan Banks Are Set to Increase Lending in Coming Weeks,https://www.kenyans.co.ke/news/113205-kenyan-banks-expected-expand-credit-access-lending-rates-fall,2025-06-17T14:25:45+0300,2025-06-18T06:51:02Z
Kenyans.co.ke,HELB Announces Massive One-Month Discount for Loan Defaulters,https://www.kenyans.co.ke/news/113203-helb-dangles-80-june-july-discount-loan-defaulters,2025-06-17T13:28:41+0300,2025-06-18T06:51:02Z
AllAfrica Kenya,"All of Africa Today - June 17, 2025",https://allafrica.com/stories/202506170082.html,"Tue, 17 Jun 2025 07:31:15 GMT",2025-06-18T06:51:04Z
AllAfrica Kenya,Violence Erupts in Kenya As 'Goons' Attack Protesters Over Death in Police Custody,https://allafrica.com/stories/202506180072.html,"Wed, 18 Jun 2025 05:10:47 GMT",2025-06-18T06:51:04Z
AllAfrica Kenya,Ruto Says Criticism Will Not Distract Him From Transforming Kenya,https://allafrica.com/stories/202506180025.html,"Wed, 18 Jun 2025 04:47:03 GMT",2025-06-18T06:51:04Z
AllAfrica Kenya,Unarmed Hawker Shot Dead By Police During #justiceforojwangprotests in Nairobi,https://allafrica.com/stories/202506170535.html,"Tue, 17 Jun 2025 14:29:56 GMT",2025-06-18T06:51:04Z
AllAfrica Kenya,"Chaos in Nairobi As Activists, Goons and Police Clash During Justice for Albert Ojwang Protest",https://allafrica.com/stories/202506170374.html,"Tue, 17 Jun 2025 12:23:39 GMT",2025-06-18T06:51:04Z
AllAfrica Kenya,Kanja Orders Arrest of Police Officer Filmed Shooting an Unarmed Vendor in Nairobi,https://allafrica.com/stories/202506180032.html,"Wed, 18 Jun 2025 04:47:06 GMT",2025-06-18T06:51:04Z
AllAfrica Kenya,"MPs Demand Appearance of Batuk Commanders Over Allegations of Sexual Violence, Killings in Kenya",https://allafrica.com/stories/202506180030.html,"Wed, 18 Jun 2025 04:47:05 GMT",2025-06-18T06:51:04Z
AllAfrica Kenya,"Protests Over the Death of Albert Ojwang, Despite the Arrest of Some Alleged Perpetrators",https://allafrica.com/stories/202506180021.html,"Wed, 18 Jun 2025 04:47:01 GMT",2025-06-18T06:51:04Z
AllAfrica Kenya,I Was Arrested for Helping Kenyans Email Parliament,https://allafrica.com/stories/202506180001.html,"Wed, 18 Jun 2025 04:31:44 GMT",2025-06-18T06:51:04Z
AllAfrica Kenya,Parliament Rejects Proposal to Give KRA Sweeping Access to Personal Data,https://allafrica.com/stories/202506170225.html,"Tue, 17 Jun 2025 10:10:45 GMT",2025-06-18T06:51:04Z
AllAfrica Kenya,Parliament Rejects KRA's Proposal to Access Taxpayers' Data,https://allafrica.com/stories/202506170224.html,"Tue, 17 Jun 2025 10:10:26 GMT",2025-06-18T06:51:04Z
AllAfrica Kenya,"New Law to Counter Terrorism Financing, Money Laundering",https://allafrica.com/stories/202506170191.html,"Tue, 17 Jun 2025 09:57:08 GMT",2025-06-18T06:51:04Z
AllAfrica Kenya,Ex-Tesla Executive Firm Introduces E-Motorbikes in Kenya,https://allafrica.com/stories/202506170166.html,"Tue, 17 Jun 2025 09:37:37 GMT",2025-06-18T06:51:04Z
AllAfrica Kenya,Ruto Assents to the Anti-Money Laundering and Combating of Terrorism Financing Laws Bill,https://allafrica.com/stories/202506170149.html,"Tue, 17 Jun 2025 09:21:58 GMT",2025-06-18T06:51:04Z
AllAfrica Kenya,Kisumu Clan Elders Back Raila in Molasses Plant Land Dispute,https://allafrica.com/stories/202506170121.html,"Tue, 17 Jun 2025 08:45:32 GMT",2025-06-18T06:51:04Z
AllAfrica Kenya,"Protests Erupt in Nairobi Over Ojwang's Murder, Calls for Lagat's Prosecution",https://allafrica.com/stories/202506170120.html,"Tue, 17 Jun 2025 08:44:48 GMT",2025-06-18T06:51:04Z
AllAfrica Kenya,Fresh Protests Loom in Nairobi Over Albert Ojwang's Murder,https://allafrica.com/stories/202506170118.html,"Tue, 17 Jun 2025 08:43:59 GMT",2025-06-18T06:51:04Z
AllAfrica Kenya,Governors Push for Dismissal of Controller of Budget,https://allafrica.com/stories/202506170091.html,"Tue, 17 Jun 2025 08:01:15 GMT",2025-06-18T06:51:04Z
AllAfrica Kenya,"All of Africa Today - June 16, 2025",https://allafrica.com/stories/202506160145.html,"Mon, 16 Jun 2025 08:32:03 GMT",2025-06-18T06:51:04Z
AllAfrica Kenya,Deputy Police Chief Lagat Steps Aside Amid Pressure Over Blogger Ojwang's Death in Custody,https://allafrica.com/stories/202506170026.html,"Tue, 17 Jun 2025 04:58:44 GMT",2025-06-18T06:51:04Z
AllAfrica Kenya,'Arrest Him Now' - Civil Society and Lawyers Demand Prosecution of DIG Lagat Over Ojwang's Death,https://allafrica.com/stories/202506170071.html,"Tue, 17 Jun 2025 06:26:28 GMT",2025-06-18T06:51:04Z
AllAfrica Kenya,Mudavadi Tells Off Global Community for Undermining African Peace Strategies,https://allafrica.com/stories/202506170070.html,"Tue, 17 Jun 2025 06:26:27 GMT",2025-06-18T06:51:04Z
AllAfrica Kenya,Rape Arrest At British Army Training Unit Kenya (Batuk) Reignites Abuse Claims From Local Women,https://allafrica.com/stories/202506170068.html,"Tue, 17 Jun 2025 06:26:26 GMT",2025-06-18T06:51:04Z
AllAfrica Kenya,41 Young Kenyans Leaders Selected for 2025 Mandela Washington Fellowship,https://allafrica.com/stories/202506170069.html,"Tue, 17 Jun 2025 06:26:26 GMT",2025-06-18T06:51:04Z
AllAfrica Kenya,Inside FKF Radical Plan to Restructure Kenyan Football,https://allafrica.com/stories/202506170076.html,"Tue, 17 Jun 2025 06:42:05 GMT",2025-06-18T06:51:04Z
AllAfrica Kenya,When Healthcare Pushes You Over the Edge,https://allafrica.com/stories/202506160698.html,"Mon, 16 Jun 2025 14:29:24 GMT",2025-06-18T06:51:04Z
AllAfrica Kenya,Kuria's Intended Swap From Ruto's Advisor to Jubilee Party Chief Puzzles Miscalculating Kega,https://allafrica.com/stories/202506160339.html,"Mon, 16 Jun 2025 10:17:06 GMT",2025-06-18T06:51:04Z
AllAfrica Kenya,Gachagua Urges Families of Gen Z Protest Victims to Stay Away From Commemoration March,https://allafrica.com/stories/202506160242.html,"Mon, 16 Jun 2025 09:32:47 GMT",2025-06-18T06:51:04Z
AllAfrica Kenya,Murkomen Orders CCTV in All Police Stations After Blogger Ojwang's Murder in Custody,https://allafrica.com/stories/202506170030.html,"Tue, 17 Jun 2025 05:00:18 GMT",2025-06-18T06:51:04Z
AllAfrica Kenya,What's Driving the Growth of Forex Trading in Kenya Today,https://allafrica.com/stories/202506180019.html,"Wed, 18 Jun 2025 04:47:00 GMT",2025-06-18T06:51:04Z
